{"noise_floor": 8.233687400817871, "timestamp": 1746594989.7672892}