{"noise_floor": 7.1035590171813965, "timestamp": 1748415506.775822}